created_day,median_response_hours,p90_response_hours,within_48h_rate,requests,weekday,forecast_requests,absolute_pct_error,volume_z_score,volume_anomaly
2024-01-01,0.7713888888888889,33.50083333333334,0.9425287356321839,7224,Monday,8953.8,0.2394518272425248,-2.6539031828745574,False
2024-01-02,1.1820833333333334,58.072555555555596,0.8625730994152047,9413,Tuesday,8995.6,0.04434292999043871,0.700895424371558,False
2024-01-03,2.742916666666667,167.8986111111111,0.8545454545454545,9436,Wednesday,9311.1,0.013236540907164014,0.2438916088818555,False
2024-01-04,1.9783333333333333,64.74638888888889,0.8768328445747801,9686,Thursday,9407.8,0.028721866611604453,0.4834084803846654,False
2024-01-05,8.110972222222223,87.7697500000001,0.8088235294117647,9799,Friday,8818.2,0.10009184610674551,1.5811550812840307,False
2024-01-06,1.3827777777777777,68.87630555555559,0.7894736842105263,7739,Saturday,7430.3,0.039888874531593205,0.5310618696921372,False
2024-01-07,0.9675,44.275999999999996,0.9026548672566371,6651,Sunday,7522.9,0.13109306871147192,-1.3135148980587774,False
2024-01-08,1.4894444444444446,70.99388888888889,0.8694267515923567,9627,Monday,8953.8,0.06992832658148963,1.100558932071614,False
2024-01-09,4.2575,60.76972222222222,0.8735294117647059,9519,Tuesday,8995.6,0.054984767307490245,0.8665104822926126,False
2024-01-10,10.26875,321.50097222222223,0.6707317073170732,10847,Wednesday,9311.1,0.14159675486309575,2.4484467666800445,False
2024-01-11,1.8897222222222223,53.867888888888935,0.8902077151335311,9555,Thursday,9407.8,0.01540554683411834,0.27873326729355075,False
2024-01-12,1.5830555555555557,125.38666666666673,0.8075801749271136,8787,Friday,8818.2,0.0035506998975760474,0.0,False
2024-01-13,1.9083333333333334,85.82822222222225,0.7863777089783281,7382,Saturday,7430.3,0.006542942292061796,-0.02671714613632022,False
2024-01-14,0.9088888888888889,67.25311111111112,0.8279883381924198,8037,Sunday,7522.9,0.06396665422421306,0.8519801045693515,False
2024-01-15,2.629722222222222,65.42755555555556,0.7867435158501441,9085,Monday,8953.8,0.014441386901486046,0.25373476798471234,False
2024-01-16,14.265555555555554,114.60258333333334,0.7544378698224852,9561,Tuesday,8995.6,0.05913607363246519,0.9321315429783135,False
2024-01-17,7.439305555555555,67.62788888888889,0.7823529411764706,11558,Wednesday,9311.1,0.19440214569994807,3.559317579716552,True
2024-01-18,0.6908333333333333,60.897166666666664,0.8849557522123894,12460,Thursday,9407.8,0.24495987158908514,4.817523298054528,True
2024-01-19,4.658333333333333,116.5740555555558,0.7259036144578314,9280,Friday,8818.2,0.04976293103448268,0.7702662599535841,False
2024-01-20,1.5179166666666668,87.99525,0.7543859649122807,8116,Saturday,7430.3,0.08448743223262689,1.1200890096566427,False
2024-01-21,2.0143055555555556,82.06625,0.7529411764705882,8691,Sunday,7522.9,0.13440340582211488,1.8737937638181221,False
2024-01-22,5.728611111111111,85.1080555555556,0.803030303030303,10355,Monday,8953.8,0.13531627233220672,2.237990650623763,False
2024-01-23,2.0169444444444444,86.30227777777779,0.8249258160237388,9607,Tuesday,8995.6,0.06364109503487037,1.004002228491224,False
2024-01-24,2.0643055555555554,66.90861111111111,0.8682634730538922,8986,Wednesday,9311.1,0.03617849988871582,-0.45919118417922533,False
2024-01-25,2.4733333333333336,118.57686111111119,0.8421052631578947,9459,Thursday,9407.8,0.005412834337667907,0.1287422714405202,False
2024-01-26,3.1125,139.95888888888888,0.7833827893175074,9160,Friday,8818.2,0.03731441048034927,0.5827775151372959,False
2024-01-27,0.69375,46.94402777777779,0.9029411764705882,7953,Saturday,7430.3,0.06572362630453915,0.8654167979478512,False
2024-01-28,0.7902777777777777,36.67666666666666,0.9321533923303835,7262,Sunday,7522.9,0.035926741944367895,-0.35888470570251,False
2024-01-29,1.0716666666666668,68.9961111111111,0.8731117824773413,9740,Monday,8953.8,0.08071868583162226,1.2771108334402856,False
2024-01-30,3.838888888888889,57.51833333333333,0.8869047619047619,9850,Tuesday,8995.6,0.086741116751269,1.3836669367442076,False
2024-01-31,2.4608333333333334,23.362361111111113,0.9411764705882353,9353,Wednesday,9311.1,0.00447984603870412,0.11421189371725614,False
2024-02-01,1.3740277777777778,47.59166666666667,0.8988095238095238,9576,Thursday,9407.8,0.01756474519632422,0.3115437976364012,False
2024-02-02,1.4994444444444444,91.51811111111111,0.8434782608695652,8445,Friday,8818.2,0.0441918294849024,-0.5343429227264215,False
2024-02-03,0.8616666666666667,55.56722222222225,0.8931750741839762,7352,Saturday,7430.3,0.010650163220892298,-0.07358933234039228,False
2024-02-04,0.6641666666666667,29.49,0.9616519174041298,7162,Sunday,7522.9,0.05039095224797537,-0.5151253263827502,False
2024-02-05,1.1805555555555556,57.187222222222225,0.884272997032641,9368,Monday,8953.8,0.04421434671221186,0.6958957245097921,False
2024-02-06,4.5962499999999995,62.937222222222225,0.8773006134969326,9378,Tuesday,8995.6,0.04077628492215821,0.646211207133474,False
2024-02-07,4.59375,46.25305555555557,0.9030303030303031,8979,Wednesday,9311.1,0.036986301369863056,-0.47012802762684214,False
2024-02-08,2.400138888888889,131.8244166666667,0.8313609467455622,8739,Thursday,9407.8,0.07653049548003196,-0.9961901974572092,False
2024-02-09,0.7798611111111111,24.448833333333354,0.9298245614035088,8387,Friday,8818.2,0.0514129009180876,-0.6249624827209608,False
2024-02-10,0.72375,14.692861111111103,0.9447674418604651,8006,Saturday,7430.3,0.0719085685735698,0.9482243269083785,False
2024-02-11,1.0163888888888888,31.84338888888894,0.9333333333333333,7256,Sunday,7522.9,0.03678335170893049,-0.3682591429433244,False
2024-02-12,1.2577777777777779,23.088500000000025,0.9300291545189504,8735,Monday,8953.8,0.02504865483686311,-0.2931074043961283,False
2024-02-13,2.5413888888888887,155.34305555555557,0.8621700879765396,7281,Tuesday,8995.6,0.23548963054525482,-2.630154608531163,False
2024-02-14,2.016111111111111,89.62094444444442,0.8844984802431611,8226,Wednesday,9311.1,0.1319110138584975,-1.6466199013490508,False
2024-02-15,2.6858333333333335,67.45166666666667,0.8338368580060423,8429,Thursday,9407.8,0.1161229090046268,-1.4805361215659538,False
2024-02-16,2.500138888888889,114.7430833333333,0.811377245508982,8342,Friday,8818.2,0.05708463198273804,-0.6952707620270688,False
2024-02-17,1.2847222222222223,91.54458333333334,0.7827380952380952,6376,Saturday,7430.3,0.16535445420326225,-1.5984977901795365,False
2024-02-18,0.918611111111111,61.450722222222225,0.8691860465116279,7060,Sunday,7522.9,0.0655665722379603,-0.6744907594765952,False
2024-02-19,0.9040277777777778,43.96325,0.9126506024096386,7519,Monday,8953.8,0.19082324777231005,-2.192993351867849,False
2024-02-20,1.871388888888889,133.5438888888889,0.8549848942598187,8533,Tuesday,8995.6,0.0542130551974687,-0.6740220376145556,False
2024-02-21,5.305,60.151,0.8738461538461538,8825,Wednesday,9311.1,0.05508215297450429,-0.710738583474412,False
2024-02-22,2.108611111111111,42.59227777777778,0.9037900874635568,8406,Thursday,9407.8,0.11917677849155356,-1.5164714643224089,False
2024-02-23,1.1025,66.61627777777791,0.8588235294117647,8512,Friday,8818.2,0.035972744360902344,-0.4296617068706605,False
2024-02-24,0.9630555555555556,16.692500000000045,0.918918918918919,7023,Saturday,7430.3,0.057995158764060965,-0.5876209743783825,False
2024-02-25,1.2594444444444444,41.71236111111111,0.9375,7165,Sunday,7522.9,0.049951151430565194,-0.510438107762343,False
2024-02-26,3.0036111111111112,89.89722222222223,0.799410029498525,8895,Monday,8953.8,0.0066104553119729365,-0.04312241130774402,False
2024-02-27,1.3580555555555556,42.64458333333333,0.9196428571428571,8692,Tuesday,8995.6,0.034928670041417434,-0.42559945073297367,False
2024-02-28,2.291388888888889,39.31194444444444,0.9166666666666666,8351,Wednesday,9311.1,0.11496826727338048,-1.4513191254987505,False
2024-02-29,4.7925,133.08450000000002,0.8256880733944955,8891,Thursday,9407.8,0.058126195028680605,-0.758704454023244,False
2024-03-01,1.5638888888888889,82.07444444444444,0.8473520249221184,8839,Friday,8818.2,0.002353207376399963,0.08124512275372489,False
2024-03-02,1.0144444444444445,69.66666666666667,0.8368580060422961,6952,Saturday,7430.3,0.06880034522439589,-0.698551815061353,False
2024-03-03,0.9441666666666667,32.751666666666665,0.9391304347826087,8231,Sunday,7522.9,0.08602842910946426,1.1550869086890174,False
2024-03-04,1.4001388888888888,114.18494444444447,0.8224852071005917,8990,Monday,8953.8,0.004026696329254808,0.10530617833848416,False
2024-03-05,1.510138888888889,42.135555555555555,0.9269005847953217,8122,Tuesday,8995.6,0.10755971435606998,-1.3161709886103428,False
2024-03-06,1.0225,32.409444444444446,0.9274924471299094,8550,Wednesday,9311.1,0.08901754385964916,-1.1404002903450725,False
2024-03-07,1.9127777777777777,145.60299999999987,0.8275862068965517,8877,Thursday,9407.8,0.05979497578010581,-0.7805781409184777,False
2024-03-08,1.1936111111111112,64.71319444444444,0.875,8631,Friday,8818.2,0.021689259645464108,-0.2437353682611747,False
2024-03-09,0.747638888888889,16.842194444444445,0.9244186046511628,7404,Saturday,7430.3,0.003552133981631575,0.007655790413332622,False
2024-03-10,1.4056944444444444,56.15025000000002,0.8909090909090909,7714,Sunday,7522.9,0.024773139745916564,0.3473228997721756,False
2024-03-11,2.379166666666667,99.59183333333438,0.8219584569732937,9405,Monday,8953.8,0.04797448165869226,0.753704754161481,False
2024-03-12,1.4219444444444445,64.06905555555565,0.8813056379821959,9725,Tuesday,8995.6,0.07500257069408736,1.1883661608939073,False
2024-03-13,1.291388888888889,35.37000000000001,0.9237804878048781,9302,Wednesday,9311.1,0.0009782842399484373,0.03452917717033365,False
2024-03-14,1.2616666666666667,58.59216666666667,0.8955223880597015,9377,Thursday,9407.8,0.0032846326117094244,0.0006249624827232344,False
2024-03-15,0.7226388888888888,44.10205555555568,0.899390243902439,8727,Friday,8818.2,0.01045032657270548,-0.09374437240814411,False
2024-03-16,0.6690277777777778,5.558666666666671,0.9298245614035088,7394,Saturday,7430.3,0.004909385988639462,-0.007968271654691397,False
2024-03-17,0.7716666666666666,9.8975,0.9560117302052786,7501,Sunday,7522.9,0.0029196107185708088,0.014530377723264043,False
2024-03-18,0.9022222222222223,37.512888888888895,0.9352941176470588,8062,Monday,8953.8,0.11061771272637054,-1.3446067815741447,False
2024-03-19,3.698888888888889,81.75655555555556,0.8553846153846154,11327,Tuesday,8995.6,0.20582678555663456,3.691340904191355,True
2024-03-20,1.2469444444444444,95.1065,0.8542274052478134,9106,Wednesday,9311.1,0.022523610806061977,-0.2717024393629371,False
2024-03-21,2.901388888888889,179.90094444444446,0.827893175074184,9215,Thursday,9407.8,0.020922409115572357,-0.2524848430192659,False
2024-03-22,2.1030555555555557,90.34361111111112,0.8189910979228486,8881,Friday,8818.2,0.007071275757234464,0.14686618343942578,False
2024-03-23,1.3016666666666667,92.0025,0.782991202346041,7590,Saturday,7430.3,0.021040843214756234,0.29826334487857936,False
2024-03-24,0.8394444444444444,59.830555555555556,0.8651026392961877,7969,Sunday,7522.9,0.05597942025348229,0.7457364825067881,False
2024-03-25,1.1488888888888888,86.13005555555524,0.8702064896755162,9276,Monday,8953.8,0.034734799482535654,0.5521543534839711,False
2024-03-26,4.968194444444444,346.8283611111111,0.772189349112426,9380,Tuesday,8995.6,0.04098081023454154,0.6493360195470788,False
2024-03-27,1.1754166666666666,43.46905555555555,0.9101796407185628,8730,Wednesday,9311.1,0.06656357388316156,-0.8591671731206402,False
2024-03-28,1.1030555555555555,43.866888888888894,0.9171597633136095,7307,Thursday,9407.8,0.2875051320651429,-3.2335558855982485,True
2024-03-29,1.2075,84.69583333333333,0.8601190476190477,7740,Friday,8818.2,0.13930232558139544,-1.6358392985221146,False
2024-03-30,1.1995833333333334,79.33025000000008,0.8323529411764706,7258,Saturday,7430.3,0.023739322127307824,-0.22045551577981803,False
2024-03-31,1.2313888888888889,55.33238888888889,0.8950437317784257,7270,Sunday,7522.9,0.034786795048143006,-0.3463854560480908,False
